{"cameraMode":{"drawMode":0,"name":"Shaded","section":"Shading Mode"},"sceneLighting":true,"audioPlay":false,"sceneViewState":{"showFog":true,"showMaterialUpdate":false,"showSkybox":true,"showFlares":true,"showImageEffects":true,"showParticleSystems":true},"in2DMode":false,"pivot":{"x":-0.7178341150283814,"y":19.37539291381836,"z":20.012840270996095},"rotation":{"x":0.06713759154081345,"y":0.42689767479896548,"z":0.03180057182908058,"w":-0.9012434482574463},"size":1.7905757427215577,"orthographic":true}