{"cameraMode":{"drawMode":0,"name":"Shaded","section":"Shading Mode"},"sceneLighting":true,"audioPlay":false,"sceneViewState":{"showFog":true,"showMaterialUpdate":false,"showSkybox":true,"showFlares":true,"showImageEffects":true,"showParticleSystems":true},"in2DMode":false,"pivot":{"x":399.392822265625,"y":472.7701110839844,"z":260.342529296875},"rotation":{"x":0.33579909801483157,"y":0.6356926560401917,"z":-0.3584468960762024,"w":0.5955246686935425},"size":1939.5078125,"orthographic":true}