{"cameraMode":{"drawMode":0,"name":"Shaded","section":"Shading Mode"},"sceneLighting":false,"audioPlay":false,"sceneViewState":{"showFog":true,"showMaterialUpdate":false,"showSkybox":true,"showFlares":true,"showImageEffects":true,"showParticleSystems":true},"in2DMode":false,"pivot":{"x":2.1029999256134035,"y":0.0,"z":0.28200000524520876},"rotation":{"x":0.0587807334959507,"y":0.0065361992456018929,"z":-0.00038515939377248287,"w":0.9982494711875916},"size":0.285788357257843,"orthographic":false}