{"cameraMode":{"drawMode":0,"name":"Shaded","section":"Shading Mode"},"sceneLighting":true,"audioPlay":false,"sceneViewState":{"showFog":true,"showMaterialUpdate":false,"showSkybox":true,"showFlares":true,"showImageEffects":true,"showParticleSystems":true},"in2DMode":false,"pivot":{"x":9.08906364440918,"y":-26.309289932250978,"z":72.74024200439453},"rotation":{"x":0.21745368838310243,"y":0.03042633645236492,"z":-0.0067821647971868519,"w":0.9755727648735046},"size":128.1935577392578,"orthographic":false}