{"cameraMode":{"drawMode":0,"name":"Shaded","section":"Shading Mode"},"sceneLighting":true,"audioPlay":false,"sceneViewState":{"showFog":true,"showMaterialUpdate":false,"showSkybox":true,"showFlares":true,"showImageEffects":true,"showParticleSystems":true},"in2DMode":false,"pivot":{"x":1491.571533203125,"y":467.1527099609375,"z":-865.56884765625},"rotation":{"x":-0.3539755642414093,"y":-0.07368887215852738,"z":0.027989307418465616,"w":-0.9319270253181458},"size":2135.23388671875,"orthographic":true}