{"cameraMode":{"drawMode":0,"name":"Shaded","section":"Shading Mode"},"sceneLighting":true,"audioPlay":false,"sceneViewState":{"showFog":true,"showMaterialUpdate":false,"showSkybox":true,"showFlares":true,"showImageEffects":true,"showParticleSystems":true},"in2DMode":false,"pivot":{"x":979.6500244140625,"y":488.853515625,"z":-654.2500610351563},"rotation":{"x":0.004183175507932901,"y":0.057563330978155139,"z":0.00024129739904310554,"w":-0.9983330965042114},"size":1829.2808837890625,"orthographic":true}