{"cameraMode":{"drawMode":0,"name":"Shaded","section":"Shading Mode"},"sceneLighting":true,"audioPlay":false,"sceneViewState":{"showFog":true,"showMaterialUpdate":false,"showSkybox":true,"showFlares":true,"showImageEffects":true,"showParticleSystems":true},"in2DMode":false,"pivot":{"x":56.592559814453128,"y":-7.59946346282959,"z":-400.13134765625},"rotation":{"x":0.004183175507932901,"y":0.057563330978155139,"z":0.00024129739904310554,"w":-0.9983330965042114},"size":144.65371704101563,"orthographic":true}